{"assets/address_book.ttf":["assets/address_book.ttf"],"assets/gestures.ttf":["assets/gestures.ttf"],"assets/peer_searchbar.ttf":["assets/peer_searchbar.ttf"],"assets/tabbar.ttf":["assets/tabbar.ttf"],"packages/dash_chat_2/assets/placeholder.png":["packages/dash_chat_2/assets/placeholder.png"],"packages/dash_chat_2/assets/profile_placeholder.png":["packages/dash_chat_2/assets/profile_placeholder.png"],"packages/flex_color_picker/assets/opacity.png":["packages/flex_color_picker/assets/opacity.png"],"packages/wakelock_web/assets/no_sleep.js":["packages/wakelock_web/assets/no_sleep.js"],"packages/window_manager/images/ic_chrome_close.png":["packages/window_manager/images/ic_chrome_close.png"],"packages/window_manager/images/ic_chrome_maximize.png":["packages/window_manager/images/ic_chrome_maximize.png"],"packages/window_manager/images/ic_chrome_minimize.png":["packages/window_manager/images/ic_chrome_minimize.png"],"packages/window_manager/images/ic_chrome_unmaximize.png":["packages/window_manager/images/ic_chrome_unmaximize.png"]}